model_number,name,category,sub_category,description,details,specs,product_sheet,msrp,price_indv,price_box,price_pallet,unit_cost,count_indv,height_indv,width_indv,length_indv,weight_indv,count_box,height_box,width_box,length_box,weight_box,count_pallet,height_pallet,width_pallet,length_pallet,weight_pallet,packaging_type,english_packaging,gtin
1101-01100,"Concrete Anchor 7/32"" (100 Pack)",Hardware,"Anchors, Screws & Kits",Thorsmex anchors to fix objects with screws on concrete walls and ceilings or solid surfaces.,"It performs a double expansion, that is, it opens towards the four cardinal points|
It consists of 2 wings that do not allow the plug to rotate inside the hole when the screw is inserted|
It has a neck that prevents the plug from sinking, even when the perforation is deeper|
Has a guide that allows the screw to be inserted correctly|
Free of burrs that prevent double expansion, test with 8 x 3/4"" (19.1mm) screw|
Operating temperatures -50°C to +80°C|
Recommended load: 40 kg in concrete 30 kg in partition|
Resistance to extraction: 15 Kg in concrete","Measures 3/16""|
White color|
Made with high density PE|
Flexible|
Resistant to impact and extraction",Thorquetes_EN.pdf,7.13,1.29,47.5,3797.4,0.01,100,0.91,1.81,6.97,0.09,60,9.84,8.27,11.42,5.51,80,39.37,59.06,39.37,455.92,Box,Yes,17501509901862
1101-05002,"Concrete Anchor 7/32"" With Screws (20 Pack)",Hardware,"Anchors, Screws & Kits",Anchors to fix objects with screws on concrete walls and ceilings or solid surfaces.,"It performs a double expansion, that is, it opens towards the four cardinal points|
It consists of 2 wings that do not allow the plug to rotate inside the hole when the screw is inserted|
It has a neck that prevents the plug from sinking, even when the perforation is deeper|
Has a guide that allows the screw to be inserted correctly|
Free of burrs that prevent double expansion, test with screw No. 8 x 3/4"" (19.1mm)|
Operating temperatures -50°C to +80°C|
Recommended load: 40 kg in concrete / 30 kg in partition|
Resistance to extraction: 15 Kg in concrete","White thorn color, natural thorn|
Thorquete made with high density PE|
Flexible|
Galvanized steel screw|
Resistant to impact and extraction|
Pouch with (40 pieces) Set of 20 White TP0 plugs and 20 screws No. 8 x ¾"" (19.1mm)",Thorquetes_EN.pdf,4.78,1.16,75.1,6009.1,0.04,20,1.18,1.97,7.32,0.11,90,9.84,8.27,11.42,9.93,80,39.37,59.06,39.37,809.55,Pouch,Yes,17501509906225
1102-02100,"Concrete Anchor 7/32"" (100 Pack)",Hardware,"Anchors, Screws & Kits",Thorsmex anchors to fix objects with screws on concrete walls and ceilings or solid surfaces.,"It performs a double expansion, that is, it opens towards the four cardinal points|
It consists of 2 wings that do not allow the plug to rotate inside the hole when the screw is inserted|
It has a neck that prevents the plug from sinking, even when the perforation is deeper|
Has a guide that allows the screw to be inserted correctly|
Free of burrs that prevent double expansion, test with 8 x 1"" (25.4mm) screw|
Operating temperatures -50°C to +80°C|
Recommended load: 50 kg in concrete 40 kg in partition|
Resistance to extraction: 25 Kg in concrete 20 Kg in partition","Measures 7/32""|
Yellow color|
Made with high density PE|
Flexible|
Resistant to impact and extraction",Thorquetes_EN.pdf,6.85,1.35,39.5,3161.2,0.01,100,1.06,1.97,7.28,0.16,45,9.84,8.27,11.42,7.32,80,39.37,59.06,39.37,600.55,Box,Yes,17501509901879
1102-05002,"Concrete Anchor With Screws 7/32"" (20 Pack)",Hardware,"Anchors, Screws & Kits",Anchors to fix objects with screws on concrete walls and ceilings or solid surfaces.,"It performs a double expansion, that is, it opens towards the four cardinal points|
It consists of 2 wings that do not allow the plug to rotate inside the hole when the screw is inserted|
It has a neck that prevents the plug from sinking, even when the perforation is deeper|
Has a guide that allows the screw to be inserted correctly|
Free of burrs that prevent double expansion, test with screw No. 8 x 1 ""(25.4mm)|
Operating temperatures -50°C to +80°C|
Recommended load: 50 kg in concrete / 40 kg in partition|
Resistance to extraction: 25 Kg in concrete / 20 Kg in partition","Yellow thorn color, natural thorn|
made with high density PE|
Flexible|
Galvanized steel screw|
Resistant to impact and extraction|
Pouch with (40 pieces) Set of 20 yellow TP1X plugs and 20 screws No. 8 x 1"" (25.4mm)",Thorquetes_EN.pdf,3.95,1.23,78.8,6304,0.04,20,1.18,1.97,7.32,0.14,90,9.84,8.27,11.42,12.28,80,39.37,59.06,39.37,997.38,Pouch,Yes,17501509906232
1103-03100,"Concrete Anchor 1/4"" (100 Pack)",Hardware,"Anchors, Screws & Kits","
Thorsmex plastic anchors to fix objects with screws on concrete walls and ceilings or solid surfaces.","It performs a double expansion, that is, it opens towards the four cardinal points|
It consists of 2 wings that do not allow the plug to rotate inside the hole when the screw is inserted|
It has a neck that prevents the plug from sinking, even when the perforation is deeper|
Has a guide that allows the screw to be inserted correctly|
Free of burrs that prevent double expansion, test with a 10 x 1 1/2"" (38mm) screw|
Operating temperatures -50°C to +80°C|
Recommended load: 60 kg in concrete 50 kg in partition|
Resistance to extraction: 40 Kg in concrete 40 Kg in partition","Red color|
Made with high density PE|
Flexible|
Resistant to impact and extraction",Thorquetes_EN.pdf,6.23,1.07,73.1,1754,0.01,100,1.99,1.58,7.11,0.19,120,15.35,11.42,18.9,22.77,24,46.06,59.06,39.37,561.57,Box,Yes,17501509901886
1103-04000,"Concrete Anchor 1/4"" (20 Pack)",Hardware,"Anchors, Screws & Kits",Thorsmex plastic anchors to fix objects with screws on concrete walls and ceilings or solid surfaces.,"It performs a double expansion, that is, it opens towards the four cardinal points|
It consists of 2 wings that do not allow the plug to rotate inside the hole when the screw is inserted|
It has a neck that prevents the plug from sinking, even when the perforation is deeper|
Has a guide that allows the screw to be inserted correctly|
Free of burrs that prevent double expansion, test with a 10 x 1 1/2"" (38mm) screw|
Operating temperatures -50°C to +80°C|
Recommended load: 60 kg in concrete 50 kg in partition|
Resistance to extraction: 40 Kg in concrete 40 Kg in partition","Red color|
Made with high density PE|
Flexible|
Resistant to impact and extraction",Thorquetes_EN.pdf,3.88,0.59,30.4,2435,0.03,20,4.69,1.34,2.91,0.06,50,9.84,8.27,11.42,3.04,80,39.37,59.06,39.37,258.39,Pouch,Yes,17501509900360
1103-05002,"Concrete Anchor Kit with Screws 1/4"" (10 Pack)",Hardware,"Anchors, Screws & Kits",Thorsmex plastic anchors to fix objects with screws on concrete walls and ceilings or solid surfaces.,"It performs a double expansion, that is, it opens towards the four cardinal points|
It consists of 2 wings that do not allow the plug to rotate inside the hole when the screw is inserted|
It has a neck that prevents the plug from sinking, even when the perforation is deeper|
Has a guide that allows the screw to be inserted correctly|
Free of burrs that prevent double expansion, test with a 10 x 1 1/2"" (38mm) screw|
Operating temperatures -50°C to +80°C|
Recommended load: 60 kg in concrete 50 kg in partition|
Resistance to extraction: 40 Kg in concrete 40 Kg in partition","Red color|
Made with high density PE|
Flexible|
Resistant to impact and extraction",Thorquetes_EN.pdf,5.17,1.12,71.9,5752.9,0.08,10,1.18,1.97,7.32,0.14,90,9.84,8.27,11.42,12.57,80,39.37,59.06,39.37,1020.31,Pouch,Yes,17501509906249
1104-03000,"Concrete Anchor 5/16"" (20 Pack)",Hardware,"Anchors, Screws & Kits",Thorsmex plastic anchors to fix objects with screws on concrete walls and ceilings or solid surfaces.,"It performs a double expansion, that is, it opens towards the four cardinal points|
 It consists of 2 wings that do not allow the plug to rotate inside the hole when the screw is inserted|
 It has a neck that prevents the plug from sinking, even when the perforation is deeper|
Has a guide that allows the screw to be inserted correctly|
Free of burrs that prevent double expansion, test with a 10 x 1 3/4"" (44.5mm) screw|
Operating temperatures -50°C to +80°C|
Recommended load: 176.24 kg in concrete 80 kg in partition|
Resistance to extraction: 80 Kg in concrete 40 Kg in partition","Brown color| Made with high density PE|
Flexible|
Resistant to impact and extraction|
10-piece dowel in|
Box with 100 pieces, Pouch with 20 pieces, bag with 1000 pieces",Thorquetes_EN.pdf,4.93,0.86,34,2717.1,0.03,20,4.69,1.34,2.91,0.09,50,9.84,8.27,11.42,4.25,80,39.37,59.06,39.37,355.39,Pouch,Yes,17501509900285
1104-04100,"Concrete Anchor 5/16"" (100 Pack)",Hardware,"Anchors, Screws & Kits",Thorsmex plastic anchors to fix objects with screws on concrete walls and ceilings or solid surfaces.,"It performs a double expansion, that is, it opens towards the four cardinal points|
 It consists of 2 wings that do not allow the plug to rotate inside the hole when the screw is inserted|
 It has a neck that prevents the plug from sinking, even when the perforation is deeper|
Has a guide that allows the screw to be inserted correctly|
Free of burrs that prevent double expansion, test with a 10 x 1 3/4"" (44.5mm) screw|
Operating temperatures -50°C to +80°C|
Recommended load: 176.24 kg in concrete 80 kg in partition|
Resistance to extraction: 80 Kg in concrete 40 Kg in partition","Brown color| Made with high density PE|
Flexible|
Resistant to impact and extraction|
10-piece dowel in|
Box with 100 pieces, Pouch with 20 pieces, bag with 1000 pieces",Thorquetes_EN.pdf,6.04,1.38,75.7,1816.2,0.01,100,1.57,2.48,8.78,0.33,76,15.35,11.42,18.9,24.89,24,46.06,59.06,39.37,612.36,Box,Yes,17501509901893
1105-03000,"Concrete Anchor 3/8"" (20 Pack)",Hardware,"Anchors, Screws & Kits",Thorsmex plastic anchors to fix objects with screws on concrete walls and ceilings or solid surfaces.,"It performs a double expansion, that is, it opens towards the four cardinal points|
It consists of 2 wings that do not allow the plug to rotate inside the hole when the screw is inserted|
It has a neck that prevents the plug from sinking, even when the perforation is deeper
""¢ Has a guide that allows the screw to be inserted correctly
""¢ Free of burrs that prevent double expansion, test with a 12 x 2"" (50.8mm) screw.
""¢ Operating temperatures -50°C to +80° C
""¢ Recommended load: 140 Kg on concrete
""¢ Resistance to extraction: 100 Kg in concrete",temporary,Thorquetes_EN.pdf,3.85,0.98,36.2,2892.1,0.04,20,4.69,1.34,2.91,0.14,50,9.84,8.27,11.42,6.81,80,39.37,59.06,39.37,559.98,Pouch,Yes,17501509900292
1105-05100,"Concrete Anchor 3/8"" (100 Pack)",Hardware,"Anchors, Screws & Kits",Thorsmex plastic anchors to fix objects with screws on concrete walls and ceilings or solid surfaces.,"It performs a double expansion, that is, it opens towards the four cardinal points|
It consists of 2 wings that do not allow the plug to rotate inside the hole when the screw is inserted|
It has a neck that prevents the plug from sinking, even when the perforation is deeper|
Has a guide that allows the screw to be inserted correctly|
Free of burrs that prevent double expansion, test with a 12 x 2"" (50.8mm) screw|
Operating temperatures -50°C to +80° C|
Recommended load: 140 Kg on concrete|
Resistance to extraction: 100 Kg in concrete","Color blue|
Made with high density PE|
Flexible|
Impact and pull resistant|
nylon dowels",Thorquetes_EN.pdf,7.17,2.25,68.4,1641.8,0.02,100,1.97,2.95,10.43,0.61,45,15.35,11.42,18.9,27.65,24,46.06,59.06,39.37,678.5,Box,Yes,17501509901909
1206-01100,Dry Wall Plug With Nail 10x20 (100 Pack),Hardware,"Anchors, Screws & Kits","Thorsman anchors for nailing into plaster, lightweight concrete and brick surfaces.","Recommended drilling: 3/4"" (20mm)|
Recommended nail: (1.9 x 19.1mm )| Operating temperatures -10°C to +70°C","High impact polystyrene|
Color clavithor TCP0- white|
Nail made of galvanized steel, resistant to oxidation|
Impact and pull resistant| Bag with 40 pieces (20 clavitores and 20 nails)",Clavithor_EN.pdf,6.93,2.19,73.1,5849.7,0.01,100,0.91,1.77,6.89,0.12,72,9.84,8.27,11.42,8.66,80,39.37,59.06,39.37,708.13,Box,Yes,17501509901916
1207-02100,Dry Wall Plug 5.5x25 (100 Pack),Hardware,"Anchors, Screws & Kits","Thorsman anchors for nailing into plaster, lightweight concrete and brick surfaces.","Recommended drilling: 1"" (25mm)|
Recommended nail: 3/32"" x 1"" (2.38 x 25.4mm)|
For indoor use|
Operating temperatures -10°C to +70°C","Yellow color|
Made with high impact polystyrene|
flexible|
Impact resistant|
Perform an expansion",Clavithor_EN.pdf,6.93,2.91,64.9,5191.1,0.01,100,0.98,1.97,6.89,0.16,48,9.84,8.27,11.42,7.47,80,39.37,59.06,39.37,612.89,Box,Yes,17501509901923
1301-01100,Self Drill Dry Wall Anchor 1.5In (100 Pack),Hardware,"Anchors, Screws & Kits","Thorsmex self-drilling anchor to hold and fix objects in No walls, No ceiling or masonry.","No wall drilling required|
Load capacity: 5 Kg|
Pullout resistance: 5 Kg|
Operating temperature -40°C to + 80°C:
Recommended Thorsman screw #10 x 1 ½"" (38mm)","White color|
Made with Polyamide (nylon No. 6 with fiber)|
Impact resistence|
Box with 100 pieces|
Pouch with 20 pieces|
Bag with 500 pieces",Perforathor TPD OE_EN.pdf,14.17,4.13,156,9357.2,0.03,100,3.15,1.97,4.72,0.33,54,13.78,8.27,16.54,17.97,60,55.12,59.06,39.37,1093.06,Box,Yes,17501509905723
1301-04000,Self Drill Dry Wall Anchor (20 Pack),Hardware,"Anchors, Screws & Kits","Thorsmex self-drilling anchor to hold and fix objects in No walls, No ceiling or masonry.","No wall drilling required|
Load capacity: 5 Kg|
Pullout resistance: 5 Kg|
Operating temperature -40°C to + 80°C:
Recommended Thorsman screw #10 x 1 ½"" (38mm)","White color|
Made with Polyamide (nylon No. 6 with fiber)|
Impact resistence|
Box with 100 pieces|
Pouch with 20 pieces|
Bag with 500 pieces",Perforathor TPD OE_EN.pdf,4.66,1.41,52.2,4176.6,0.05,20,4.69,1.34,2.91,0.09,50,9.84,8.27,11.42,4.43,80,39.37,59.06,39.37,369.5,Pouch,Yes,17501509905730
1401-10100,Dry wall Anchor (100 Pack),Hardware,"Anchors, Screws & Kits","
Anchor to hold and fix objects one or several nylon straps on concrete or solid surfaces. Load capacity: 7 kg. Made with nylon, black color, high impact resistance","Holds one or more Thorsman nylon belts|
For indoor and outdoor use|
Load capacity: 7kg|
Pullout resistance: 10 kg|
Operating temperature -40°C to +80°C","black colour|
Made with fiber-free Nylon 6 with UV protection|
High impact resistance|
Box with 100 pieces|
Pouch with 6 pieces",Fijathodo_EN.pdf,11.97,5.95,168.6,10114,0.04,100,5.31,2.36,3.15,0.5,40,13.78,8.27,16.54,20.15,60,55.12,59.06,39.37,1224.01,Box,Yes,17501509905952
1401-21101,Dry Wall Anchor (6 Pack),Hardware,"Anchors, Screws & Kits","
Anchor to hold and fix objects one or several nylon straps on concrete or solid surfaces. Load capacity: 7 kg. Made with nylon, black color, high impact resistance","Holds one or more Thorsman nylon belts|
For indoor and outdoor use|
Load capacity: 7kg|
Pullout resistance: 10 kg|
Operating temperature -40°C to +80°C","black colour|
Made with fiber-free Nylon 6 with UV protection|
High impact resistance|
Box with 100 pieces|
Pouch with 6 pieces",Fijathodo_EN.pdf,4.38,0.74,78.7,6294.1,0.1,6,4.37,1.02,1.81,0.04,138,9.84,8.27,11.42,5.92,80,39.37,59.06,39.37,488.51,Pouch,Available by request with purchase,17501509906010
2101-04100,Cable Clip with Screw 9mm (100 Pack),Electrical,Cable Clips & Staples,"Clamp to hold round conductors or pipes in solid concrete walls or ceilings, ideal for interiors and exteriors. Made with polypropylene, it is flexible, burr-free, resistant to impact, corrosion, humidity and temperatures from -10°C to 120°C. Requires TP0 plug and No. 8 x 3/4"" screw","For proper fixation, use a Thorsmex screw and bolt|
Resistance to corrosion, humidity and extreme climates|
Make fixing with TP0 plug, screw No. 8 x 3/4""|
Operating temperatures: -10°C to +120°C","Gray|
Made with Polypropylene
Flexible|
Burr-free hole|
Box with 100 pieces|
Pouch with 20 pieces",Sujethor TK_EN.pdf,8.03,1,95.2,7614.5,0.01,100,3.03,1.26,2.01,0.07,108,9.84,8.27,11.42,8,80,39.37,59.06,39.37,655.22,Box,Yes,17501509902067
2102-04100,Cable Clip with Screw 9mm (100 Pack),Electrical,Cable Clips & Staples,"Clamp to hold round conductors or pipes in solid concrete walls or ceilings, ideal for interiors and exteriors. Gray. Made with polypropylene, it is flexible, burr-free, resistant to impact, corrosion, humidity and temperatures from -10°C to 120°C. Requires TP1X anchor and No. 8 x 1"" screw","For proper fixation, use a Thorsmex screw and bolt|
Resistance to corrosion, humidity and extreme climates|
Carry out fixing with TP1X plug, screw No. 8 x 1""|
Operating temperatures: -10°C to +120°C","Gray|
Made with Polypropylene|
Flexible|
Burr-free hole|
Box with 100 pieces|
Pouch with 20 pieces",Sujethor TK_EN.pdf,6.65,1.12,94.4,5665.4,0.01,100,3.94,1.57,2.64,0.11,96,13.78,8.27,16.54,10.98,60,55.12,59.06,39.37,673.74,Box,Yes,17501509902074
2102-07240,Cable Clip with Screw 9mm Kit (60 Pack),Hardware,"Anchors, Screws & Kits","Clamp to hold round conductors or pipes in solid concrete walls or ceilings, ideal for interiors and exteriors. Gray. Made with polypropylene, it is flexible, burr-free, resistant to impact, corrosion, humidity and temperatures from -10°C to 120°C. Requires TP1X anchor and No. 8 x 1"" screw","For proper fixation, use a Thorsmex screw and bolt|
Resistance to corrosion, humidity and extreme climates|
Carry out fixing with TP1X plug, screw No. 8 x 1""|
Operating temperatures: -10°C to +120°C","Gray|
Made with Polypropylene|
Flexible|
Burr-free hole|
Box with 100 pieces|
Pouch with 20 pieces",Sujethor TK_EN.pdf,4.14,1.16,16.4,981.4,0.01,60,4.13,0.79,5.71,0.16,20,8.27,14.57,5.12,3.11,60,33.07,59.06,39.37,201.51,Bag,Available by request with purchase,17501509907765
2103-04100,Cable Clip with Screw 12.8mm (100 Pack),Electrical,Cable Clips & Staples,"Clamp to hold round conductors or pipes in solid concrete walls or ceilings, ideal for interiors and exteriors. Gray. Made with polypropylene, it is flexible, burr-free, resistant to impact, corrosion, humidity and temperatures from -10°C to 120°C. Requires TP1X anchor and No. 8 x 1"" screw","For proper fixation, use a Thorsmex screw and bolt|
Resistance to corrosion, humidity and extreme climates|
Carry out fixing with plug TP1X, screw No. 8Ã—1"" (25.4mm)|
Operating temperatures: -10°C to +120°C","Gray|
Made with Polypropylene|
Flexible|
Burr-free hole|
Box with 100 pieces",Sujethor TK_EN.pdf,6.73,1.34,70.4,4222,0.01,100,4.33,1.97,2.76,0.22,60,13.78,8.27,16.54,13.47,60,55.12,59.06,39.37,823.21,Box,Yes,17501509902081
2103-07240,Cable Clip with Screw 12.8mm (36 Pack),Hardware,"Anchors, Screws & Kits","Clamp to hold round conductors or pipes in solid concrete walls or ceilings, ideal for interiors and exteriors. Gray. Made with polypropylene, it is flexible, burr-free, resistant to impact, corrosion, humidity and temperatures from -10°C to 120°C. Requires TP1X anchor and No. 8 x 1"" screw","For proper fixation, use a Thorsmex screw and bolt|
Resistance to corrosion, humidity and extreme climates|
Carry out fixing with plug TP1X, screw No. 8Ã—1"" (25.4mm)|
Operating temperatures: -10°C to +120°C","Gray|
Made with Polypropylene|
Flexible|
Burr-free hole|
Box with 100 pieces",Sujethor TK_EN.pdf,2.58,0.81,11.9,711.3,0.02,36,4.13,0.79,5.71,0.12,20,8.27,14.57,5.12,2.31,60,33.07,59.06,39.37,153.89,Bag,Available by request with purchase,17501509907772
2104-04100,Cable Clip with Screw 13.3mm (100 Pack),Electrical,Cable Clips & Staples,"Clamp to hold round conductors or pipes in solid concrete walls or ceilings, ideal for interiors and exteriors. Gray. Made with polypropylene, it is flexible, burr-free, resistant to impact, corrosion, humidity and temperatures from -10°C to 120°C. Requires TP2X anchor and No. 10 x 1 1/2"" (38mm) screw","For proper fixation, use a Thorsmex screw and bolt|
Resistance to corrosion, humidity and extreme climates|
Carry out fixing with plug TP1X, screw No. 8x1"" (25.4mm)|
Operating temperatures: -10°C to +120°C","Gray|
Made with Polypropylene|
Flexible|
Burr-free hole|
Box with 100 pieces",Sujethor TK_EN.pdf,5.98,1.28,66.9,1604.8,0.01,100,5.12,2.76,3.54,0.36,60,15.35,11.42,18.9,21.72,24,46.06,59.06,39.37,536.17,Box,Yes,17501509902098
2104-07240,Cable Clip with Screw 13.3mm Kit (24 Pack),Hardware,"Anchors, Screws & Kits","Clamp to hold round conductors or pipes in solid concrete walls or ceilings, ideal for interiors and exteriors. Gray. Made with polypropylene, it is flexible, burr-free, resistant to impact, corrosion, humidity and temperatures from -10°C to 120°C. Requires TP2X anchor and No. 10 Ã— 1 1/2"" (38mm) screw","For proper fixation, use a Thorsmex screw and bolt|
Resistance to corrosion, humidity and extreme climates|
Carry out fixing with TP2X plug, screw No. 10Ã—1 1/2"" (38mm)|
Operating temperatures: -10°C to +120°C","
Gray| Made with Polypropylene|
Flexible|
Burr-free hole|
Box with 100 pieces|
Pouch with 8 pieces",Sujethor TK_EN.pdf,2.27,0.86,9.1,548.7,0.03,24,4.13,0.79,5.71,0.15,15,8.27,14.57,5.12,2.18,60,33.07,59.06,39.37,145.95,Bag,Available by request with purchase,17501509907789
2105-04100,Cable Clip with Screw 15.2mm (50 Pack),Electrical,Cable Clips & Staples,"Clamp to hold round conductors or pipes in solid concrete walls or ceilings, ideal for interiors and exteriors. Gray. Made with polypropylene, it is flexible, burr-free, resistant to impact, corrosion, humidity and temperatures from -10°C to 120°C. Requires TP2X anchor and No. 10 Ã— 1 1/2"" (38mm) screw","For proper fixation, use a Thorsmex screw and bolt|
Resistance to corrosion, humidity and extreme climates|
Carry out fixing with TP2X plug, screw No. 10 x 1 1/2"" (38mm)|
Operating temperatures: -10°C to +120°C","Gray|
Made with Polypropylene|
Flexible|
Burr-free hole|
Box with 50 pieces",Sujethor TK_EN.pdf,7.92,2.45,127.8,3067.4,0.04,50,5.12,2.76,3.54,0.37,60,15.35,11.42,18.9,22.27,24,46.06,59.06,39.37,549.4,Box,Yes,17501509902104
2208-06025,"Dry Wall Anchor 3"" (25 Pack)",Hardware,"Anchors, Screws & Kits","Set of Thorsman brand butterfly anchors with integrated screw to fix and fasten objects in No walls of plaster, masonry and hollow walls. Load capacity 20 Kg. Made with high-density PE, presentation in white and blue. Galvanized steel bolt and nut.","For indoor use|
load capacity 20 kg|
Pullout resistance: 7 Kg|
Operating temperature -50°C to + 80°C|
Commercial presentation: box with 25 pieces","White and blue color|
Made with high density PE (butterfly and spiral)|
Galvanized steel bolt and nut|
Box with 25 pieces",Fijathor_EN.pdf,16.28,10.12,232.1,18570.4,0.31,25,7.28,1.57,1.97,0.66,30,9.84,8.27,11.42,19.8,80,39.37,59.06,39.37,1598.8,Box,Yes,17501509901954
2209-06025,Dry Wall Anchor (25 Pack),Hardware,"Anchors, Screws & Kits","Thorsman brand butterfly anchors to fix and hold objects in No drywall, masonry and hollow partition walls. Load capacity 20 Kg. It remains fixed even without a screw.","Easy to install, no tools required, useful for indoor use| Presentation with screw|
It only requires a 15mm deep hole in the wall to be installed|
Requires an 8mm diameter hole|
It remains fixed even without a screw|
Load capacity: 20 Kg|
Pullout resistance: 6 Kg|
Weight per piece 4.0 g|
Operating temperature: -40°c to +80°c","PA Nylon|
Natural color|
Box with 25 pieces|
Pouch with 4 pieces",Fijathor_EN.pdf,8.04,3.48,207,4968.9,0.09,25,3.94,1.57,2.56,0.27,96,13.78,8.27,16.54,25.63,24,41.34,59.06,39.37,630.12,Box,None,17501509908977
3101-00100,Cable Clip with Nail 8mm (100 Pack),Electrical,Cable Clips & Staples,"Thorsmex brand staple with integrated nail to fasten round conductors to walls or ceilings indoors and outdoors. It is installed to the wall by means of a 15mm x 1.2mm galvanized steel nail. Transparent color staple. Resistance to impact, corrosion, humidity and temperatures from -10°C to 120°C","Resistance to corrosion, humidity and extreme climates|
Operating temperatures: -10°C to +120°C|
Installs directly to the wall by means of a 19/32"" 15mm x 1.2mm nail","Transparent color|
Made with Polypropylene
flexible|
The nail is made of galvanized steel, resistant to oxidation|
Nail hardness 48 HRc Tol. -1 HRc|
Box with 100 pieces|
Pouch with 20 pieces|
Bag with 500 pieces",Sujethor TC redondos TH _EN.pdf,6.57,1.74,140.6,11244,0.01,100,3.11,1.22,1.97,0.08,126,9.84,8.27,11.42,9.46,80,39.37,59.06,39.37,771.63,Box,Yes,17501509901961
3101-00400,Cable Clip with Nail 8.4mm (100 Pack),Electrical,Cable Clips & Staples,"Thorsmex brand staple with integrated nail to fasten round conductors to walls or ceilings indoors and outdoors. It is installed to the wall by means of a 19.1mm x 2.0mm galvanized steel nail. Black staple. Resistance to impact, corrosion, humidity and temperatures from -10°C to 120°C.","Resistance to corrosion, humidity and extreme climates|
Operating temperatures: -10°C to +120°C|
It is installed directly to the wall by means of a 19.1mm x 2.0mm nail.","Black colour|
Made with Polypropylene|
flexible|
The nail is made of galvanized steel, resistant to oxidation|
Nail hardness 48 HRc Tol. -1 HRc|
Box with 100 pieces|
Pouch with 20 pieces",Sujethor TC redondos TH _EN.pdf,6.57,1.52,140.2,11214.3,0.01,100,2.95,1.22,1.89,0.17,126,9.84,8.27,11.42,20.9,80,39.37,59.06,39.37,1686.98,Box,Yes,17506218110758
3101-04000,Cable Clip with Nail 8mm (20 Pack),Electrical,Cable Clips & Staples,"Thorsmex brand staple with integrated nail to fasten round conductors to walls or ceilings indoors and outdoors. It is installed to the wall by means of a 15mm x 1.2mm galvanized steel nail. Transparent color staple. Resistance to impact, corrosion, humidity and temperatures from -10°C to 120°C","Resistance to corrosion, humidity and extreme climates|
Operating temperatures: -10°C to +120°C|
Installs directly to the wall by means of a 19/32"" 15mm x 1.2mm nail","Transparent color|
Made with Polypropylene
flexible|
The nail is made of galvanized steel, resistant to oxidation|
Nail hardness 48 HRc Tol. -1 HRc|
Box with 100 pieces|
Pouch with 20 pieces|
Bag with 500 pieces",Sujethor TC redondos TH _EN.pdf,4.23,0.71,19.9,2150.5,0.03,20,4.37,1.02,1.81,0.03,39,5.12,13.78,5.91,1.3,108,30.71,59.06,39.37,155.48,Pouch,Yes,17501509900391
3101-04300,Cable Clip with Nail 8.4mm (20 Pack),Electrical,Cable Clips & Staples,"Thorsmex brand staple with integrated nail to fasten round conductors to walls or ceilings indoors and outdoors. It is installed to the wall by means of a 19.1mm x 2.0mm galvanized steel nail. Black staple. Resistance to impact, corrosion, humidity and temperatures from -10°C to 120°C.","Resistance to corrosion, humidity and extreme climates|
Operating temperatures: -10°C to +120°C|
It is installed directly to the wall by means of a 19.1mm x 2.0mm nail.","Black colour|
Made with Polypropylene|
flexible|
The nail is made of galvanized steel, resistant to oxidation|
Nail hardness 48 HRc Tol. -1 HRc|
Box with 100 pieces|
Pouch with 20 pieces",Sujethor TC redondos TH _EN.pdf,4.38,0.67,19.9,2144.8,0.03,20,4.37,1.02,1.81,0.05,39,5.12,13.78,5.91,1.9,108,30.71,59.06,39.37,219.77,Pouch,Yes,17506218110802
3102-00100,Cable Clip with Nail 20mm (100 Pack),Electrical,Cable Clips & Staples,"Thorsmex brand staple with integrated nail to fix round conductors to walls or ceilings indoors and outdoors and prevent them from coming loose. It is installed to the wall by means of a 1.2mm x 20mm galvanized steel nail. Transparent color staple. Resistance to impact, corrosion, humidity and temperatures from -10°C to 120°C.","
Resistance to corrosion, humidity and extreme climates|
Operating temperatures: -10°C to +120°C|
It is installed directly to the wall by means of a 3/64"" (1.2mm) x 3/4"" (20mm) nail.","Transparent color|
Made with Polypropylene| flexible|
The nail is made of galvanized steel, resistant to oxidation|
Nail hardness 48 HRc Tol. -1 HRc|
Box with 100 pieces|
Pouch with 20 pieces",Sujethor TC redondos TH _EN.pdf,6.39,1.73,125.2,10015.4,0.01,100,2.99,1.34,2.17,0.13,108,9.84,8.27,11.42,14.07,80,39.37,59.06,39.37,1140.24,Box,Yes,17501509901978
3102-04000,Cable Clip with Nail 10mm (20 Pack),Electrical,Cable Clips & Staples,"Thorsmex brand staple with integrated nail to fix round conductors to walls or ceilings indoors and outdoors and prevent them from coming loose. It is installed to the wall by means of a 1.2mm x 20mm galvanized steel nail. Transparent color staple. Resistance to impact, corrosion, humidity and temperatures from -10°C to 120°C.","
Resistance to corrosion, humidity and extreme climates|
Operating temperatures: -10°C to +120°C|
It is installed directly to the wall by means of a 3/64"" (1.2mm) x 3/4"" (20mm) nail.","Transparent color|
Made with Polypropylene| flexible|
The nail is made of galvanized steel, resistant to oxidation|
Nail hardness 48 HRc Tol. -1 HRc|
Box with 100 pieces|
Pouch with 20 pieces",Sujethor TC redondos TH _EN.pdf,5.18,0.71,20.3,2191.1,0.03,20,4.37,1.02,1.81,0.04,39,5.12,13.78,5.91,1.37,108,30.71,59.06,39.37,162.62,Pouch,Yes,17501509900407
3103-00100,Cable Clip with Nail 25.4mm (100 Pack),Electrical,Cable Clips & Staples,"Thorsmex brand staple with integrated nail to fix round conductors to walls or ceilings indoors and outdoors. Installs to wall using 1/16"" (1.5mm) x 1"" (25.4mm) galvanized steel nail. Transparent color staple. Resistance to impact, corrosion, humidity and temperatures from -10°C to 120°C.","Resistance to corrosion, humidity and extreme climates|
Operating temperatures: -10°C to +120°C|
It is installed directly to the wall by means of a  1/16"" (1.5mm) x 1"" (25.4mm) nail.","Transparent color|
Made with Polypropylene|
flexible|
The nail is made of galvanized steel, resistant to oxidation|
Nail hardness 48 HRc Tol. -1 HRc|
Box with 100 pieces|
Pouch with 20 pieces",Sujethor TC redondos TH _EN.pdf,8.85,3.12,206.6,12396.4,0.02,100,3.94,1.57,2.56,0.37,96,13.78,8.27,16.54,35.98,60,55.12,59.06,39.37,2173.76,Box,Yes,17501509901985
3103-00300,Cable Clip with Nail 19.1mm (100 Pack),Electrical,Cable Clips & Staples,"Thorsmex brand staple with integrated nail to fix round conductors to walls or ceilings indoors and outdoors. Installs to wall using 1/16"" (1.5mm) x 1"" (25.4mm) galvanized steel nail. Transparent color staple. Resistance to impact, corrosion, humidity and temperatures from -10°C to 120°C.","Resistance to corrosion, humidity and extreme climates|
Operating temperatures: -10°C to +120°C|
It is installed directly to the wall by means of a 1/16"" (1.5mm) x 1"" (19mm) nail.","Black color|
Made with Polypropylene|
flexible|
The nail is made of galvanized steel, resistant to oxidation|
Nail hardness 48 HRc Tol. -1 HRc|
Box with 100 pieces|
Pouch with 20 pieces",Sujethor TC redondos TH _EN.pdf,8.85,2.8,181.9,10911,0.02,100,3.94,1.57,2.56,0.33,96,13.78,8.27,16.54,31.46,60,55.12,59.06,39.37,1902.6,Box,Yes,17501509905310
3103-00301,Cable Clip with Nail 25.4mm (100 Pack),Electrical,Cable Clips & Staples,"Thorsmex brand staple with integrated nail to fix round conductors to walls or ceilings indoors and outdoors. Installs to wall using 1/16"" (1.5mm) x 1"" (25.4mm) galvanized steel nail. Transparent color staple. Resistance to impact, corrosion, humidity and temperatures from -10°C to 120°C.","Resistance to corrosion, humidity and extreme climates|
Operating temperatures: -10°C to +120°C|
It is installed directly to the wall by means of a 1/16"" (1.5mm) x 1"" (25.4mm) nail.","Black color|
Made with Polypropylene|
flexible|
The nail is made of galvanized steel, resistant to oxidation|
Nail hardness 48 HRc Tol. -1 HRc|
Box with 100 pieces|
Pouch with 20 pieces",Sujethor TC redondos TH _EN.pdf,8.85,3.15,209.3,12560.5,0.02,100,3.94,1.57,2.56,0.36,96,13.78,8.27,16.54,34.83,60,55.12,59.06,39.37,2104.98,Box,Yes,17501509905778
3103-04000,Cable Clip with Nail 25.4mm (20 Pack),Electrical,Cable Clips & Staples,"Thorsmex brand staple with integrated nail to fix round conductors to walls or ceilings indoors and outdoors. Installs to wall using 1/16"" (1.5mm) x 1"" (25.4mm) galvanized steel nail. Transparent color staple. Resistance to impact, corrosion, humidity and temperatures from -10°C to 120°C.","Resistance to corrosion, humidity and extreme climates|
Operating temperatures: -10°C to +120°C|
It is installed directly to the wall by means of a 1/16"" (1.5mm) x 1"" (25.4mm) nail.","Transparent color|
Made with Polypropylene|
flexible|
The nail is made of galvanized steel, resistant to oxidation|
Nail hardness 48 HRc Tol. -1 HRc|
Box with 100 pieces|
Pouch with 20 pieces",Sujethor TC redondos TH _EN.pdf,4.69,0.98,27.6,2980.1,0.04,20,4.37,1.02,1.81,0.08,39,5.12,13.78,5.91,3.04,108,30.71,59.06,39.37,343.58,Pouch,Yes,17501509900414
3103-04300,Cable Clip with Nail 25.4mm (20 Pack),Electrical,Cable Clips & Staples,"Thorsmex brand staple with integrated nail to fix round conductors to walls or ceilings indoors and outdoors. Installs to wall using 1/16"" (1.5mm) x 1"" (25.4mm) galvanized steel nail. Transparent color staple. Resistance to impact, corrosion, humidity and temperatures from -10°C to 120°C.","Transparent color|
Made with Polypropylene|
flexible|
The nail is made of galvanized steel, resistant to oxidation|
Nail hardness 48 HRc Tol. -1 HRc|
Box with 100 pieces|
Pouch with 20 pieces","Black color|
Made with Polypropylene|
flexible|
The nail is made of galvanized steel, resistant to oxidation|
Nail hardness 48 HRc Tol. -1 HRc|
Box with 100 pieces|
Pouch with 20 pieces",Sujethor TC redondos TH _EN.pdf,4.69,0.91,25.6,2764.3,0.03,20,4.37,1.02,1.81,0.08,39,5.12,13.78,5.91,3.17,108,30.71,59.06,39.37,357.86,Pouch,Yes,17501509905648
3104-00100,Cable Clip with Nail 15mm (100 Pack),Electrical,Cable Clips & Staples,"Thorsmex brand staple with integrated nail to fix round conductors to walls or ceilings indoors and outdoors. It is installed to the wall by means of the 5/64"" (2mm) x 1 3/16"" (30mm) galvanized steel nail. Gray staple. Resistance to impact, corrosion, humidity and temperatures from -10°C to 120°C. ","Resistance to corrosion, humidity and extreme climates|
Operating temperatures: -10°C to +120°C|
It is installed directly to the wall by means of a 5/64"" (2mm) x 1 3/16"" (30mm) nail.","Gray|
Made with Polypropylene|
flexible|
The nail is made of galvanized steel, resistant to oxidation|
Nail hardness 48 HRc Tol. -1 HRc|
Box with 100 pieces| Pouch with 20 pieces",Sujethor TC redondos TH _EN.pdf,7.21,3.79,130.8,7846,0.02,100,4.33,1.97,0.79,0.34,54,13.78,8.27,16.54,18.36,60,55.12,59.06,39.37,1116.87,Box,Yes,17501509901992
3104-04000,Cable Clip with Nail 15 (20 Pack),Electrical,Cable Clips & Staples,"Thorsmex brand staple with integrated nail to fix round conductors to walls or ceilings indoors and outdoors. It is installed to the wall by means of the 5/64"" (2mm)  x 1 3/16"" (30mm) galvanized steel nail. Gray staple. Resistance to impact, corrosion, humidity and temperatures from -10°C to 120°C. ","Resistance to corrosion, humidity and extreme climates|
Operating temperatures: -10°C to +120°C|
It is installed directly to the wall by means of a 5/64"" (2mm) x 1 3/16"" (30mm) nail.","Gray|
Made with Polypropylene|
flexible|
The nail is made of galvanized steel, resistant to oxidation|
Nail hardness 48 HRc Tol. -1 HRc|
Box with 100 pieces| Pouch with 20 pieces",Sujethor TC redondos TH _EN.pdf,4.72,1.34,18.6,2009.1,0.05,20,4.69,1.34,2.91,0.11,20,5.12,13.78,5.91,2.16,108,30.71,59.06,39.37,248.34,Pouch,Yes,17501509900841
3105-00100,Cable Clip with Nail 19mm (100 Pack),Electrical,Cable Clips & Staples,"Thorsmex brand staple with integrated nail to fix round conductors to walls or ceilings indoors and outdoors to prevent them from loosening. It is installed to the wall by means of the 5/64"" (2mm) x 1 1/2"" (38mm) galvanized steel nail. Gray staple. Resistance to impact, corrosion, humidity and temperatures from -10°C to 120°C. ","Resistance to corrosion, humidity and extreme climates|
Operating temperatures: -10°C to +120°C|
It is installed directly to the wall by means of a  5/64"" (2mm) x 1 1/2"" (38mm) nail.","Gray|
Made with Polypropylene|
flexible|
The nail is made of galvanized steel, resistant to oxidation|
Nail hardness 48 HRc Tol. -1 HRc|
Box with 100 pieces:
Pouch with 20 pieces",Sujethor TC redondos TH _EN.pdf,8.05,5.13,191.6,4599.5,0.03,100,5.04,2.76,3.23,0.57,60,13.78,8.27,16.54,34.19,24,41.34,59.06,39.37,835.65,Box,Yes,17501509902005
3105-03000,Cable Clip with Nail 19mm (20 Pack),Electrical,Cable Clips & Staples,"Thorsmex brand staple with integrated nail to fix round conductors to walls or ceilings indoors and outdoors to prevent them from loosening. It is installed to the wall by means of the 5/64"" (2mm) x 1 1/2"" (38mm)  galvanized steel nail. Gray staple. Resistance to impact, corrosion, humidity and temperatures from -10°C to 120°C. ","Resistance to corrosion, humidity and extreme climates|
Operating temperatures: -10°C to +120°C|
It is installed directly to the wall by means of a 5/64"" 2mm x 1 1/2"" (38mm)  nail.","Gray|
Made with Polypropylene|
flexible|
The nail is made of galvanized steel, resistant to oxidation|
Nail hardness 48 HRc Tol. -1 HRc|
Box with 100 pieces:
Pouch with 20 pieces",Sujethor TC redondos TH _EN.pdf,3.33,1.58,21.2,2293.6,0.05,20,4.69,1.34,2.91,0.14,20,5.12,13.78,5.91,2.71,108,30.71,59.06,39.37,307.86,Pouch,Yes,17501509900124
3207-00100,Cable Clip with Nail 15mm (100 Pack),Electrical,Cable Clips & Staples,"Cable clip with integrated nail Thorsmex brand, ideal for holding conductors to interior and exterior walls or ceilings to organize them. Flexible polypropylene bra, transparent color. 3/4"" (20mm) x 3/64"" (1.2mm) nail. Resistant to corrosion, humidity and temperature variation from -10°C to 120°C.","Resistance to corrosion, humidity and extreme climates|
Operating temperatures: -10°C to +120°C|
It is installed directly to the wall by means of a 3/4"" (20mm) x 3/64"" (1.2mm) nail.","Transparent color|
Made with Polypropylene|
flexible|
The nail is made of galvanized steel, resistant to oxidation|
Nail hardness 48 HRc Tol. -1 HRc|
Box with 100 pieces|
Pouch with 20 pieces",CABLE CLIP NAIL IN TC3X5-6X10.pdf,4.62,1.63,148.4,11874.4,0.01,100,2.91,1.02,1.85,0.09,136,9.84,8.27,11.42,12.13,80,39.37,59.06,39.37,985.03,Box,Yes,17501509902029
3207-04000,Cable Clip with Nail 15mm (20 Pack),Electrical,Cable Clips & Staples,"Cable clip with integrated nail Thorsmex brand, ideal for holding conductors to interior and exterior walls or ceilings to organize them. Flexible polypropylene bra, transparent color. 3/4"" (20mm) x 3/64"" (1.2mm) nail. Resistant to corrosion, humidity and temperature variation from -10°C to 120°C.","Resistance to corrosion, humidity and extreme climates|
Operating temperatures: -10°C to +120°C|
It is installed directly to the wall by means of a 3/4"" (20mm) x 3/64"" (1.2mm) nail.","Transparent color|
Made with Polypropylene|
flexible|
The nail is made of galvanized steel, resistant to oxidation|
Nail hardness 48 HRc Tol. -1 HRc|
Box with 100 pieces|
Pouch with 20 pieces",CABLE CLIP NAIL IN TC3X5-6X10.pdf,2.91,0.69,19.7,2132.6,0.03,20,4.37,1.02,1.81,0.04,39,5.12,13.78,5.91,1.41,108,30.71,59.06,39.37,167.38,Pouch,Yes,17501509900858
3208-00100,Cable Clip with Nail 20mm (100 Pack),Electrical,Cable Clips & Staples,"Cable clamp with integrated nail Thorsmex brand to fasten flat conductors to walls or ceilings. Flexible polypropylene bra, black color, measures TC 4Ã—6 Rc: 3/4"" (19mm) x 5/64"" (2mm). Electrolytic galvanized nail. Resistant to corrosion, humidity and temperatures from -10°C to 120°C.","Staples/Clips with integrated nail to hold flat conductors
to walls or ceilings|
It is installed directly to the wall by means of a nail:
""“ Sujethor TC 4Ã—6 Rc: 3/4"" (19mm) x 5/64"" (2mm)|
Flexible|
Color Transparent|
electrolytic galvanized","Resistencia a la corrosiÃ³n, humedad y climas extremos|
Temperatura de operaciÃ³n: -50°C a +80°C|
Dureza del clavo 48 HRc Tol. -1 Hrc|
Galvanizado ElectrolÃ­tico ASTM-B-633|",CABLE CLIP NAIL IN TC3X5-6X10.pdf,5.05,1.59,97.2,7774.5,0.01,100,3.11,1.38,2.13,0.09,90,9.84,8.27,11.42,8.11,80,39.37,59.06,39.37,664.04,Box,Yes,17501509902036
3208-00300,Cable Clip with Nail 19mm (100 Pack),Electrical,Cable Clips & Staples,"Cable clamp with integrated nail Thorsmex brand to fasten flat conductors to walls or ceilings. Flexible polypropylene bra, black color, measures TC 4Ã—6 Rc: 3/4"" (19mm) x 5/64"" (2mm). Electrolytic galvanized nail. Resistant to corrosion, humidity and temperatures from -10°C to 120°C.","Staples/Clips with integrated nail to hold flat conductors
to walls or ceilings|
It is installed directly to the wall by means of a nail:
""“ Sujethor TC 4Ã—6 Rc: 3/4"" (19mm) x 5/64"" (2mm)|
Flexible|
Color Black|
electrolytic galvanized","Resistencia a la corrosiÃ³n, humedad y climas extremos|
Temperatura de operaciÃ³n: -50°C a +80°C|
Dureza del clavo 48 HRc Tol. -1 Hrc|
Galvanizado ElectrolÃ­tico ASTM-B-633|",CABLE CLIP NAIL IN TC3X5-6X10.pdf,5.05,1.94,157.2,12579.3,0.01,100,5.2,0.67,4.02,0.13,120,9.84,8.27,11.42,15.82,80,39.37,59.06,39.37,1280.98,Box,Yes,17501509900308
3208-04000, Cable Clip TC with Nail 20mm (20 Pack),Electrical,Cable Clips & Staples,"Cable clamp with integrated nail Thorsmex brand to fasten flat conductors to walls or ceilings. Flexible polypropylene bra, black color, measures TC 4Ã—6 Rc: 3/4"" (19mm) x 5/64"" (2mm). Electrolytic galvanized nail. Resistant to corrosion, humidity and temperatures from -10°C to 120°C.","Staples/Clips with integrated nail to hold flat conductors
to walls or ceilings|
It is installed directly to the wall by means of a nail:
""“ Sujethor TC 4Ã—6 Rc: 3/4"" (19mm) x 5/64"" (2mm)|
Flexible|
Color Transparent|
electrolytic galvanized","Resistencia a la corrosiÃ³n, humedad y climas extremos|
Temperatura de operaciÃ³n: -50°C a +80°C|
Dureza del clavo 48 HRc Tol. -1 Hrc|
Galvanizado ElectrolÃ­tico ASTM-B-633|",CABLE CLIP NAIL IN TC3X5-6X10.pdf,2.61,0.68,19.6,2118.4,0.03,20,4.37,1.02,1.81,0.04,39,5.12,13.78,5.91,1.39,108,30.71,59.06,39.37,165,Pouch,Yes,17501509900865
3209-00100,Cable Clip TC with Nail 25.4mm (100 Pack),Electrical,Cable Clips & Staples,"Thorsmex brand staples with integrated nail to fasten flat conductors to walls or ceilings indoors and outdoors. It is installed in the wall by means of the 1"" (25.4mm) x 5/64"" (2mm) nail.","
Resistance to corrosion, humidity and extreme climates|
Operating temperatures: -10°C to +120°C|
It is installed directly to the wall by means of a 1"" (25.4mm) x 5/64"" (2mm) nail.","Black color|
Made with Polypropylene| flexible,
Rust resistant galvanized steel nail|
Nail hardness 48 HRc Tol. -1 HRc:
Box with 100 pieces|
Pouch with 20 pieces",CABLE CLIP NAIL IN TC3X5-6X10.pdf,5.86,1.89,134,8040.2,0.01,100,3.9,1.57,2.6,0.25,96,13.78,8.27,16.54,24.38,60,55.12,59.06,39.37,1477.99,Box,Yes,17501509902043
3209-00300,Cable Clip with Nail 19mm (100 Pack),Electrical,Cable Clips & Staples,"Thorsmex brand staples with integrated nail to fasten flat conductors to walls or ceilings indoors and outdoors. It is installed in the wall by means of the 1"" (25.4mm) x 5/64"" (2mm) nail.","
Resistance to corrosion, humidity and extreme climates|
Operating temperatures: -10°C to +120°C|
It is installed directly to the wall by means of a 1"" (25.4mm) x 5/64"" (2mm) nail.","Black color|
Made with Polypropylene| flexible,
Rust resistant galvanized steel nail|
Nail hardness 48 HRc Tol. -1 HRc:
Box with 100 pieces|
Pouch with 20 pieces",CABLE CLIP NAIL IN TC3X5-6X10.pdf,6.35,1.56,111,6658.4,0.01,100,5.51,0.67,3.54,0.12,100,9.84,8.27,11.42,11.85,60,39.37,59.06,39.37,726.25,Box,Yes,17501509900353
3209-04000,Cable Clip with Nail 25.4mm (20 Pack),Electrical,Cable Clips & Staples,"Thorsmex brand staples with integrated nail to fasten flat conductors to walls or ceilings indoors and outdoors. It is installed in the wall by means of the 1"" (25.4mm) x 5/64"" (2mm) nail.","
Resistance to corrosion, humidity and extreme climates|
Operating temperatures: -10°C to +120°C|
It is installed directly to the wall by means of a 1"" (25.4mm) x 5/64"" (2mm) nail.","Black color|
Made with Polypropylene| flexible,
Rust resistant galvanized steel nail|
Nail hardness 48 HRc Tol. -1 HRc:
Box with 100 pieces|
Pouch with 20 pieces",CABLE CLIP NAIL IN TC3X5-6X10.pdf,2.21,0.74,21.8,2353,0.03,20,4.37,1.02,1.81,0.07,39,5.12,13.78,5.91,2.56,108,30.71,59.06,39.37,291.19,Pouch,Yes,17501509900872
3210-00100,Cable Clip with Nail 7.8mm (100 Pack),Electrical,Cable Clips & Staples,"Thorsmex brand staples with integrated nail to fasten cables to walls or ceilings indoors and outdoors. Ideal for RG-6, RG-59, flat and telephone cables. It has internal nails to hold the cable without deforming it. Resistance to corrosion, humidity and temperatures from -10°C to 120°C. It is installed to the wall by means of the 1 3/16"" (30mm) x 5/64"" (2mm) nail.","
Resistance to corrosion, humidity and extreme climates|
Operating temperatures: -10°C to +120°C|
It is installed directly to the wall by means of a 1 3/16"" (30mm) x 5/64"" (2mm) nail.","Transparent color
Made with Polypropylene|
flexible|
The nail is made of galvanized steel, resistant to oxidation|
Nail hardness 48 HRc Tol. -1 HRc|
Box with 100 pieces|
Pouch with 20 pieces",CABLE CLIP NAIL IN TC3X5-6X10.pdf,5.36,2.64,167.5,10047.9,0.02,100,3.94,1.57,2.56,0.29,96,13.78,8.27,16.54,27.78,60,55.12,59.06,39.37,1681.69,Box,Yes,17501509902050
3210-04000,Cable Clip with Nail 25.4mm (20 Pack),Electrical,Cable Clips & Staples,"Thorsmex brand staples with integrated nail to fasten cables to walls or ceilings indoors and outdoors. Ideal for RG-6, RG-59, flat and telephone cables. It has internal nails to hold the cable without deforming it. Resistance to corrosion, humidity and temperatures from -10°C to 120°C. It is installed to the wall by means of the 1 3/16"" (30mm) x 5/64"" (2mm) nail.","
Resistance to corrosion, humidity and extreme climates|
Operating temperatures: -10°C to +120°C|
It is installed directly to the wall by means of a 1 3/16"" (30mm) x 5/64"" (2mm) nail.","Transparent color
Made with Polypropylene|
flexible|
The nail is made of galvanized steel, resistant to oxidation|
Nail hardness 48 HRc Tol. -1 HRc|
Box with 100 pieces|
Pouch with 20 pieces",CABLE CLIP NAIL IN TC3X5-6X10.pdf,4.36,0.88,24.7,2664.9,0.03,20,4.37,1.02,1.81,0.08,39,5.12,13.78,5.91,3.31,108,30.71,59.06,39.37,372.15,Pouch,Yes,17501509900889
3401-00020,Cable Clip with Nail 12mm (20 Pack),Electrical,Cable Clips & Staples,"Thorsmex brand staples with integrated nail to fix round conductors to walls or ceilings indoors and outdoors to prevent them from loosening. It is installed to the wall by means of a 22mm x 1.5mm steel nail. Transparent staple. Resistance to impact, corrosion, humidity and temperatures from -10°C to 120°C.","Resistance to corrosion, humidity and extreme climates|
Operating temperatures: -10°C to +120°C|
It is installed directly to the wall by means of a 7/8"" (22mm) x 5/64"" (1.5mm) nail.","Made with Polypropylene|
flexible|
The nail is made of galvanized steel, resistant to oxidation|
Nail hardness 48 HRc Tol. -1 HRc|
Box with 100 pieces|
Pouch with 20 pieces",Sujethor TC redondos TH _EN.pdf,2.95,0.64,18.5,1992.7,0.02,20,4.37,1.02,1.81,0.04,39,5.12,13.78,5.91,1.68,108,30.71,59.06,39.37,195.96,Pouch,Yes,17501509905792
3401-00100,Cable Clip Double with Nail 12mm (100 Pack) ,Electrical,Cable Clips & Staples,"Thorsmex brand staples with integrated nail to fix round conductors to walls or ceilings indoors and outdoors to prevent them from loosening. It is installed to the wall by means of a 22mm x 1.5mm steel nail. Transparent staple. Resistance to impact, corrosion, humidity and temperatures from -10°C to 120°C.","Resistance to corrosion, humidity and extreme climates|
Operating temperatures: -10°C to +120°C|
It is installed directly to the wall by means of a 7/8"" (22mm) x 5/64"" (1.5mm) nail.","Made with Polypropylene|
flexible|
The nail is made of galvanized steel, resistant to oxidation|
Nail hardness 48 HRc Tol. -1 HRc|
Box with 100 pieces|
Pouch with 20 pieces",Sujethor TC redondos TH _EN.pdf,4.5,1.5,90.4,7229.6,0.01,100,3.03,1.34,2.09,0.12,90,9.84,8.27,11.42,10.49,80,39.37,59.06,39.37,854.52,Box,Yes,17501509905785
3701-01000,Dry Wall Anchor Fixing Kit (91 Pack),Hardware,"Anchors, Screws & Kits","Plugs for fixing and fastening objects in No walls such as gypsum board, masonry and hollow partition wall|
Indoor use|
Impact resistant|
Easy to install","Plugs for fixing and fastening objects in No walls such as
 gypsum board, masonry and hollow partition wall|
Indoor use|
Impact resistant|
Easy to install","TMM: natural|
 Perforathors: white|
 Clavithors: white and yellow|
 Fijathor TSP: white, blue|
 Screw: natural|
OPERATION TEMPERATURES|
 Nylon with fiber -40°C to 80°C (-40°F to 176°F)|
 Nylon Without fiber -40°C to 80°C (-40°F to 176°F)|
 Polystyrene: - 50°C to 80°C (-58°F to 176°F)|
 PE -50°C to 80°C (-58°F to 176°F)|
 Galvanized Steel: -20°C to + 80°C (-4°F to 176°F)",Kit Taquetes Pannel Yeso.pdf,16.97,11.34,148.8,4464.2,0.08,91,7.17,1.69,5.43,0.84,20,8.39,17.91,12.99,16.71,30,41.93,59.06,39.37,516.33,Box,Yes,17506218113018
3701-02000,Concrete Plug Fixing Kit with Drill Bit (104 Pack),Hardware,"Anchors, Screws & Kits","Plugs to fix objects with screws in walls and ceilings of
concrete or solid surfaces|
Performes a double expansion, it opens towards the four
cardinal four cardinal points|
It consists of 2 flaps that do not allow the socket to rotate
inside the hole when the screw is inserted in|
Has a collar that prevents the socket from sinking, even when
the borehole is deeper|
It has a guide that allows the screw to be inserted correctly|
Free of burrs that prevent double expansion|
Flexible","Plugs to fix objects with screws in walls and ceilings of
concrete or solid surfaces|
Performes a double expansion, it opens towards the four
cardinal four cardinal points|
It consists of 2 flaps that do not allow the socket to rotate
inside the hole when the screw is inserted in|
t has a collar that prevents the socket from sinking, even when
the borehole is deeper|
It has a guide that allows the screw to be inserted correctly|
Free of burrs that prevent double expansion|
Flexible","Impact and extraction resistant|
Operation temperature:
 PE: -50°C to +80°C (-58°F to 176°F)|
 Galvanized Steel: -20°C to + 80 °C (-4°F to 176°F)|  Color: Anchors: red, yellow, white, brown and blue|
 Nail: natural and drill bit| Body: C45 and the tip is an alloy|
 YG8",Kit Taquetes Muro Sólido_EN.pdf,18.97,13.56,177.4,5321.7,0.09,104,7.17,1.69,5.43,1.04,20,8.39,17.91,12.99,20.75,30,41.93,59.06,39.37,637.36,Box,Yes,17506218113032
5110-02001,Cord Management Accessory Cable Raceway 1020 (10 Pack) White Outside Elbow,Electrical,Raceway & Raceway Accessories,"ABS self-extinguishing accessories for a fast and efficient installation of a cord management raceway for indoor use, distributing the wiring for a correct optimization giving an incredible appearance to create an ecosystem of harmony in the environment.",Resistance to humidity and corrosive atmosphere|High dielectric strength|High dielectric strength|Complies with the requirements of the NOM-001-SEDE-2005 standard,White|Accessory weight: 0.0105 kg|Working temperature -40°C to +85°C,Canal TMK 1020 EN.pdf,5.29,0.56,0,0,0,10,5.51,8.6,3.94,0.03,10,5.91,4.72,4.72,0.27,40,29.53,59.06,39.37,25.82,Bag,No,17501509900971
5210-02001,Cord Management Accessory Cable Raceway 1720 (10 Pack) Outside Elbow,Electrical,Raceway & Raceway Accessories,"ABS self-extinguishing accessories for a fast and efficient installation of a cord management raceway for indoor use, distributing the wiring for a correct optimization giving an incredible appearance to create an ecosystem of harmony in the environment.",Resistance to humidity and corrosive atmosphere|High dielectric strength|High dielectric strength|Complies with the requirements of the NOM-001-SEDE-2005 standard,Accessory weight: 0.014 kg|CSA Certified|Working temperature -40°C to +85°C,Canal TMK 1720 EN.pdf,7.15,0.72,0,0,0,10,5.51,8.98,3.94,0.03,10,5.91,4.72,4.72,0.34,40,29.53,59.06,39.37,28.53,Bag,No,17501509901022
5310-02001,Cord Management Accessory Cable Raceway 1735 (6 Pack) White Outside Elbow,Electrical,Raceway & Raceway Accessories,"ABS self-extinguishing accessories for a fast and efficient installation of a cord management raceway for indoor use, distributing the wiring for a correct optimization giving an incredible appearance to create an ecosystem of harmony in the environment.",Resistance to humidity and corrosive atmosphere|High dielectric strength|High dielectric strength|Complies with the requirements of the NOM-001-SEDE-2005 standard,White|Accessory weight:  0.018 kg|Working temperature -40°C to +85°C,Canal TMK 1735 EN.pdf,4.17,0.86,0,0,0,6,5.51,15.2,3.94,0.05,6,5.91,4.72,4.72,0.31,40,29.53,59.06,39.37,27.55,Bag,No,17501509901077
5000-21252,"Cord Management Cable Raceway 0812, White (50 Pack) of 6ft W/ Tape",Electrical,Raceway & Raceway Accessories,"ABS self-extinguishing accessories for a fast and efficient installation of a cord management raceway for indoor use, distributing the wiring for a correct optimization giving an incredible appearance to create an ecosystem of harmony in the environment.",Resistance to humidity and corrosive atmosphere|High dielectric strength|High dielectric strength|Complies with the requirements of the NOM-001-SEDE-2005 standard,temp,Canal TMK 1735 EN.pdf,53.15,1.72,0,0,0,50,0.39,72.05,0.47,0.19,50,2.36,77.17,7.09,9.66,40,18.9,59.06,39.37,401.25,Bag,None,17501509900131
5101-01250,Cord Management Cable Raceway 1020 (20 Pack) White w/2 Division Rails 8ft,Electrical,Raceway & Raceway Accessories,"ABS self-extinguishing accessories for a fast and efficient installation of a cord management raceway for indoor use, distributing the wiring for a correct optimization giving an incredible appearance to create an ecosystem of harmony in the environment.",Resistance to humidity and corrosive atmosphere|High dielectric strength|High dielectric strength|Complies with the requirements of the NOM-001-SEDE-2005 standard,temp,Canal TMK 1020 EN.pdf,16.35,4.22,0,0,0,20,3.94,0.98,7.87,0.49,25,2.15,98.43,4.02,12.17,40,17.17,59.06,39.37,501.69,Box,None,17501509900957
5201-01250,PVC Cord Management Cable Raceway 1720 (25 Pack) White of 8.2ft,Electrical,Raceway & Raceway Accessories,"ABS self-extinguishing accessories for a fast and efficient installation of a cord management raceway for indoor use, distributing the wiring for a correct optimization giving an incredible appearance to create an ecosystem of harmony in the environment.",Resistance to humidity and corrosive atmosphere|CSA Certified,White|Accessory weight:  0.285 kg|Working temperature -20°C to +85°C,Canal TMK 1720 EN.pdf,22.35,5.2,0,0,0,25,0.67,98.43,0.79,0.66,25,3.54,98.82,3.96,16.47,40,28.35,59.06,39.37,673.74,Box,None,17501509901008
5301-01250,PVC Cord Management Cable Raceway 1735 (10 Pack) White of 2 Rails 8ft,Electrical,Raceway & Raceway Accessories,"ABS self-extinguishing accessories for a fast and efficient installation of a cord management raceway for indoor use, distributing the wiring for a correct optimization giving an incredible appearance to create an ecosystem of harmony in the environment.",High dielectric strength|CSA Certified|Working temperature -20°c to +85°c|Complies with the requirements of the NOM-001-SEDE-2005 standard,"White color (available in aluminum color under minimum purchase quantity)|Weight of the channel, base and cover: 0.610 kg|It has an internal area of 202 mm² per duct|Working temperature -20°C to +85°C",Canal TMK 1735 EN.pdf,17.99,9.11,0,0,0,10,0.67,98.43,1.38,1.22,25,3.43,98.62,6.89,30.56,40,27.4,59.06,39.37,1237.24,Box,None,17501509901053
8802-80300,Wiremold Overfloor Cord Protector Aluminium/PVC 8.2 ft,Electrical,Raceway & Raceway Accessories,"Base floor conduit made of PVC and aluminum surface, ideal for areas of continuous passage on the floor and/or wall application, excellent for guiding cables without breaking walls. For electrical installations and structured cabling, the half moon overfloor cord protector is considered one of the most aesthetic and safe solutions from Thorsmex.", Resistance to humidity and corrosive atmosphere,Base color (white) lid (natural)|High dielectric rigidity|Operating temperature -5°C to +65°C,No Product Sheet Available,75.14,50.75,0,0,0,1,0.79,98.43,3.58,4.31,2,1.57,98.43,3.74,8.62,150,9.45,59.06,39.37,1308.01,Box,None,17506218112257
9300-01252,Wiremold Soft Floor Cord Cover Cable Brown 8.2ft,Electrical,Raceway & Raceway Accessories,"Base floor conduit made of PVC , ideal for areas of continuous passage on the floor and/or wall application, excellent for guiding cables without breaking walls. For electrical installations and structured cabling, the soft half moon overfloor cord protector is considered one of the most aesthetic and safe solutions from Thorsmex.",Resistance up to 100 kg continuous passage|High dielectric strength,"Brown, gray and black color| Channel weight: 2.5 m = 1.12 kg / 25.0 m =10.50 kg|Total internal area of 305 mm²|Working temperature -20°C to +80°C|Resistance up to 100 kg continuous passage",SOFT OVERFLOOR CORD PROTECTOR.pdf,26.54,14.53,0,0,0,1,3.15,10.24,10.63,2.38,1,3.15,10.24,10.63,2.38,160,31.5,59.06,39.37,395.96,Box,No,17501509903231
TMK1720,Black Raceway Assortment Kit,Electrical,Raceway & Raceway Accessories,Solution to electrical installations and structured cabling,High dielectric strength|For use indoors|Installation with tape for smooth surfaces and anchor for other types of surfaces,ABS SELF EXTINGUISHING MATERIAL|BLACK COLOR WITH UV PROTECTION|BLACK MINIMALIST AND ELEGANCE RACEWAY CORD MANAGEMENT,Canal TMK 1720 EN.pdf,29.93,21.06,0,0,0,1,20,4.7,0.14,0,1,0,0,0,0,0,0,0,0,0,Bag,Yes,00000000000000
TMK1020,White Raceway Assortment Kit,Electrical,Raceway & Raceway Accessories,Solution to electrical installations and structured cabling,High dielectric strength|For use indoors|Installation with tape for smooth surfaces and anchor for other types of surfaces,Self-extinguishing material ASTM D-635-98|Resistant to UV rays ASTM D-635-98|,Canal TMK 1020 EN.pdf,23.78,18.77,0,0,0,1,49,4.7,0.27,0,1,0,0,0,0,0,0,0,0,0,Bag,Yes,00000000000000
3501-01001,Core Holder Management Cable Clip w/Tape (6 pack),Hardware,Cable Clips & Staples,Cable Clip with Tape for holding conductors to interior walls or ceilings to organize them,Self-adhesive clip organizes and secures cables without drilling into walls|For indoor use|Moisture resistant|Ideal for organizing cables on a desk|Holds cables up to 8.0 mm in diameter (6 AWG),"High dielectric strength|Adheres firmly to smooth surfaces with 1/2"" double-sided adhesive tape|Load capacity: 250 g (0.551 lb)|Operating temperatures: -5C to 65C (23F to 149F)|Recommended load: 0.250 kg",No Product Sheet Available,5.67,4,0,0,0,6,5.98,0.43,4.13,0.04,6,5.9,4.72,4.72,0.39,0,0,0,0,0,Bag,Yes,17503045697424
5091-00001,Cord Management Fittings for TMK 0812 (12 pack),Electrical,Raceway & Raceway Accessories,"ABS self-extinguishing accessories for a fast and efficient installation of a cord management raceway for indoor use, distributing the wiring for a correct optimization giving an incredible appearance to create an ecosystem of harmony in the environment.",Resistance to humidity and corrosive atmosphere|High dielectric strength|High dielectric strength|Complies with the requirements of the NOM-001-SEDE-2005 standard,White|For indoor use|Working temperature -40C to +85C,No Product Sheet Available,8.6,1.39,0,0,0,10,5.03,4.13,0.62,0.04,10,5.9,4.72,4.72,0.39,0,0,0,0,0,Bag,Yes,17506218111519
4700-01271,Wire Management Spiral Cable Wrap Natural Low Density Polyethylene 19MM of 32.8 ft,Electrical,Raceway & Raceway Accessories,"It offers significant advantages in flexibility, handling and functionality, and is decorative by eliminating loose cables that can cause accidents.","Colors: Natural, Black|
Weight per package: 2 m = 0.1500 kg / 10 m = 0.750 kg
50 m = 2.860 kg|High flexibility and versatility|For indoor use|Packaging: 2, 10, and 50-meter bags",Operating temperature: -50C to +75C|Low Density Polyethylene,No Product Sheet Available,28.48,8.78,0,0,0,10,4.33,18.9,7.87,1.23,10,14.96,18.89,11.41,12.43,0,0,0,0,0,Bag,Yes,17501509908632
4700-06271,Wire Management Spiral Cable Wrap Black Low Density Polyethylene 19MM of 32.8 ft,Electrical,Raceway & Raceway Accessories,"It offers significant advantages in flexibility, handling and functionality, and is decorative by eliminating loose cables that can cause accidents.","Colors: Natural, Black|
Weight per package: 2 m = 0.1500 kg / 10 m = 0.750 kg
50 m = 2.860 kg|High flexibility and versatility|For indoor use|Packaging: 2, 10, and 50-meter bags",Operating temperature: -50C to +75C|Low Density Polyethylene,No Product Sheet Available,52.72,8.9,0,0,0,10,4.33,18.9,7.87,1.23,10,14.96,18.89,11.41,12.43,0,0,0,0,0,Bag,Yes,17501509908649
5601-01250,Cord Management Corner Cable Raceway w/ Division Rails 4ft (pack with accesories),Electrical,Raceway & Raceway Accessories,"ABS self-extinguishing accessories for a fast and efficient installation of a cord management raceway for indoor use, distributing the wiring for a correct optimization giving an incredible appearance to create an ecosystem of harmony in the environment.",Solution for concealing and organizing cables in corners or at 90° angles|Easy and simple snap-on installation with adhesive tape|For use in electrical and structured cabling installations|Indoor use|For use on smooth surfaces|Paintable raceway,"Working temperature: -20°C to +75°C|
It has a total internal surface area of 3,344 mm²",No Product Sheet Available,37.48,15.51,0,0,0,1,0.59,1.57,48,0.82,1,0.59,1.57,48,0.82,0,0,0,0,0,Box,Yes,17503045697479
5601-01260,Cord Management Corner Cable Raceway wo/ Division Rails 4ft (pack with accesories),Electrical ,Raceway & Raceway Accessories,"ABS self-extinguishing accessories for a fast and efficient installation of a cord management raceway for indoor use, distributing the wiring for a correct optimization giving an incredible appearance to create an ecosystem of harmony in the environment.",Solution for concealing and organizing cables in corners or at 90° angles|Easy and simple snap-on installation with adhesive tape|For use in electrical and structured cabling installations|Indoor use|For use on smooth surfaces|Paintable raceway,"Working temperature: -20°C to +75°C|
It has a total internal surface area of 3,344 mm²",No Product Sheet Available,37.48,15.51,0,0,0,1,0.59,1.57,48,0.82,1,0.59,1.57,48,0.82,0,0,0,0,0,Box,Yes,17503045697462
